title,content,parent
Car Insurance Comparison Feature Proposal,"This document outlines the proposed new car insurance comparison feature for Compare the Market Australia. The following pages detail various aspects of the feature, from market analysis to implementation considerations and expected outcomes.",
Market Analysis,"Current market trends in car insurance comparison:
1. Increasing demand for personalized quotes
2. Growing importance of mobile-friendly interfaces
3. Rising interest in usage-based insurance options
4. Customers seeking more transparency in policy terms
5. Preference for quick, real-time quote generation

Our competitors are focusing on:
- Simplified user interfaces
- Integration with more insurance providers
- AI-powered recommendation engines
- Educational content about car insurance

We have an opportunity to differentiate by:
- Offering the most comprehensive comparison tool
- Providing unique insights into policy differences
- Integrating with emerging InsurTech providers",Car Insurance Comparison Feature Proposal
Customer Pain Points,"Through customer surveys and feedback, we've identified these key pain points:
1. Difficulty understanding policy differences
2. Time-consuming process of obtaining multiple quotes
3. Lack of transparency in pricing factors
4. Confusion about which coverage options are necessary
5. Frustration with outdated or clunky comparison interfaces

Addressing these pain points should be a primary focus of our new feature.",Car Insurance Comparison Feature Proposal
Feature Vision,"Our vision for the Car Insurance Comparison Feature:

To create the most user-friendly, comprehensive, and insightful car insurance comparison tool in Australia. We aim to empower our users to make informed decisions quickly and confidently.

Key aspects of this vision:
1. Intuitive Interface: A clean, step-by-step process for inputting information and viewing results.
2. Comprehensive Comparisons: Include all major insurers and emerging InsurTech providers.
3. Intelligent Insights: Provide clear explanations of policy differences and personalized recommendations.
4. Transparency: Clearly show how different factors affect pricing.
5. Educational Component: Integrate helpful content to educate users about car insurance basics.
6. Mobile-First Design: Ensure a seamless experience on all devices, especially mobile.
7. Real-Time Quotes: Provide instant, accurate quotes from multiple providers.
8. Customization: Allow users to adjust coverage options and immediately see how it affects quotes.",Car Insurance Comparison Feature Proposal
Proposed Feature Set,"Based on our market analysis, customer pain points, and feature vision, we propose the following feature set:

1. Smart Questionnaire:
   - Adaptive questioning based on user responses
   - Option to upload existing policy for comparison

2. Comprehensive Quote Comparison:
   - Side-by-side comparison of quotes from multiple providers
   - Highlight key differences between policies
   - Filter and sort options based on various criteria

3. Policy Explainer:
   - Plain-language explanations of policy terms
   - Interactive elements to show how changes affect coverage and pricing

4. Personalized Recommendations:
   - AI-driven suggestions based on user profile and preferences
   - Explanation of why certain policies are recommended

5. Mobile App Integration:
   - Seamless experience between web and mobile app
   - Push notifications for saved quotes and special offers

6. Educational Hub:
   - Articles and videos explaining car insurance concepts
   - Interactive tools (e.g., excess calculator, glossary)

7. Save and Compare:
   - User accounts to save and track multiple quotes
   - Ability to set alerts for price changes

8. Real-Time Chat Support:
   - Integration with our customer support team
   - AI chatbot for quick queries and guidance

9. Insurer Reviews and Ratings:
   - User-generated reviews of insurance providers
   - Aggregated ratings on factors like customer service and claim process

10. Usage-Based Insurance Options:
    - Integration with telematics providers for pay-as-you-drive options
    - Clear explanation of how these policies work",Car Insurance Comparison Feature Proposal
Implementation Considerations,"While the technical team will determine the specifics, here are some high-level implementation considerations:

1. Data Integration:
   - Need robust APIs to connect with multiple insurance providers
   - Real-time data synchronization to ensure accurate quotes

2. User Data Security:
   - Must comply with Australian privacy laws and best practices
   - Implement strong encryption for sensitive user information

3. Scalability:
   - System should handle high traffic during peak times (e.g., end of financial year)
   - Consider cloud-based infrastructure for flexibility

4. Mobile Responsiveness:
   - Adopt a mobile-first design approach
   - Ensure feature parity between web and mobile versions

5. AI and Machine Learning:
   - Implement AI for personalized recommendations
   - Use machine learning to improve accuracy over time

6. User Experience:
   - Conduct thorough user testing throughout development
   - Plan for iterative improvements based on user feedback

7. Performance Optimization:
   - Aim for quick load times and responsive interface
   - Optimize database queries for efficient quote retrieval

8. Compliance:
   - Ensure all features comply with insurance regulations
   - Implement necessary disclaimers and terms of service

9. Analytics:
   - Integrate comprehensive analytics to track user behavior
   - Use data to continually refine and improve the tool

10. Third-Party Integrations:
    - Plan for integrations with popular personal finance apps
    - Consider partnerships with car dealerships for seamless insurance options",Car Insurance Comparison Feature Proposal
Expected Outcomes,"By implementing this new Car Insurance Comparison Feature, we anticipate the following outcomes:

1. Increased User Engagement:
   - 50% increase in time spent on our car insurance pages
   - 30% reduction in bounce rate

2. Higher Conversion Rates:
   - 25% increase in quote completions
   - 15% increase in click-throughs to insurance providers

3. Improved User Satisfaction:
   - Achieve a 4.5/5 star rating for the comparison tool
   - Reduce customer support queries related to comparison process by 40%

4. Market Position:
   - Become the #1 car insurance comparison site in Australia within 18 months
   - Increase market share by 20% in the first year post-launch

5. Revenue Growth:
   - 35% increase in revenue from car insurance comparisons
   - 10% increase in cross-sell opportunities to other insurance products

6. Brand Reputation:
   - Improve NPS (Net Promoter Score) by 15 points
   - Increase positive mentions on social media by 50%

7. Partnerships:
   - Secure partnerships with 3 new InsurTech providers
   - Strengthen relationships with existing insurance partners, improving commission rates by an average of 5%

8. User Base Growth:
   - Increase registered users by 40% within the first year
   - Achieve 50% returning user rate for insurance comparisons

9. Mobile Adoption:
   - Drive 60% of car insurance comparisons through mobile devices
   - Achieve 100,000 downloads of our mobile app within 6 months of launch

10. Operational Efficiency:
    - Reduce manual interventions in the quote process by 70%
    - Decrease cost per acquisition for new customers by 25%

These outcomes will be measured and reported on a monthly basis, with quarterly reviews to adjust strategies as needed.",Car Insurance Comparison Feature Proposal
Next Steps,"To move forward with this proposal, we recommend the following next steps:

1. Stakeholder Review:
   - Present this proposal to key stakeholders for feedback and approval
   - Schedule a workshop to discuss and refine the feature set

2. User Research:
   - Conduct in-depth interviews with target users to validate pain points and proposed solutions
   - Create user personas and journey maps to guide development

3. Competitive Analysis:
   - Perform a detailed analysis of top competitors' car insurance comparison tools
   - Identify opportunities for differentiation and innovation

4. Technical Feasibility Study:
   - Engage with the technical team to assess the feasibility of proposed features
   - Identify any technical constraints or challenges

5. Prototype Development:
   - Create wireframes and interactive prototypes of key features
   - Conduct usability testing with target users

6. Partnership Discussions:
   - Initiate conversations with insurance providers about enhanced integrations
   - Explore potential partnerships with InsurTech companies

7. Regulatory Compliance Check:
   - Consult with legal team to ensure all proposed features comply with relevant regulations
   - Identify any necessary disclaimers or terms of service updates

8. Resource Planning:
   - Estimate required resources (budget, personnel, time) for development and launch
   - Create a high-level project timeline

9. MVP Definition:
   - Based on all inputs, define the Minimum Viable Product (MVP) for initial launch
   - Prioritize features for phased rollout

10. Approval and Kick-off:
    - Present final proposal and MVP plan to executive team for approval
    - Upon approval, schedule project kick-off meeting with all relevant teams

We recommend aiming to complete these next steps within the next 4-6 weeks to maintain momentum and stay ahead of market trends.",Car Insurance Comparison Feature Proposal